customer_id,full_name,province,join_date
100001,Cristian Davis PhD,Eastern Cape,2023-12-28
100002,Isabella Flores,Western Cape,2020-06-11
100003,Steven Cook,North West,2022-12-12
100004,Megan Harris,Western Cape,2025-03-03
100005,Sarah Davis,Free State,2022-08-26
100006,Robert Stanley,KwaZulu-Natal,2020-03-31
100007,Matthew Hernandez,KwaZulu-Natal,2022-11-16
100008,Paul Mcdaniel,Limpopo,2022-12-06
100009,Thomas Ramirez,North West,2024-06-25
100010,Ashley Bruce,Gauteng,2022-05-25
100011,Kayla Hood,Western Cape,2024-01-20
100012,Pamela Fleming,KwaZulu-Natal,2023-08-14
100013,Dylan Li,Mpumalanga,2026-04-22
100014,Dr. Randy Miller,Western Cape,2023-10-09
100015,Lucas Snyder,Western Cape,2022-11-25
100016,Peter Reid,Northern Cape,2020-08-09
100017,Jessica Guzman,Mpumalanga,2025-04-18
100018,Cassandra Grant,Mpumalanga,2020-09-27
100019,Angelica Smith,Gauteng,2023-11-10
100020,Raymond James,Limpopo,2022-07-19
100021,Gary Gaines,Free State,2026-06-26
100022,Eileen Williams,North West,2024-07-01
100023,Christopher Parker,Free State,2022-05-17
100024,Brian Oconnell,Eastern Cape,2021-06-13
100025,Ronald Barnes,North West,2023-08-09
100026,Laura Garcia,Northern Cape,2022-10-16
100027,Jason Terry,Gauteng,2025-07-07
100028,Wanda Mosley,Gauteng,2023-02-21
100029,Tracey Rodriguez,Limpopo,2020-01-02
100030,Anna Watkins,Limpopo,2023-09-06
100031,Jared Mcdaniel,Free State,2021-10-21
100032,Joseph Ramirez,Northern Cape,2023-10-13
100033,Christopher Crane,Western Cape,2026-06-22
100034,Mrs. Jessica Cisneros,Limpopo,2021-07-19
100035,Marissa Lambert,Eastern Cape,2020-11-22
100036,Brent Young,North West,2021-12-13
100037,Charles Smith,Free State,2025-09-11
100038,Kathleen Sullivan PhD,Northern Cape,2025-08-06
100039,Lori Jones,Gauteng,2026-06-10
100040,Samantha Davis,North West,2024-09-25
100041,Raven Cross,Limpopo,2025-07-23
100042,Tiffany Morales,Limpopo,2020-11-06
100043,Nicole Griffin,Mpumalanga,2025-08-26
100044,Kenneth Gibbs,Gauteng,2023-10-13
100045,Evan Wright,KwaZulu-Natal,2020-11-06
100046,Jessica Ryan MD,Mpumalanga,2021-12-03
100047,Thomas Hahn,Eastern Cape,2022-04-05
100048,Chris Johnson,Limpopo,2021-05-19
100049,Kevin Lutz,Free State,2024-07-28
100050,Jaime Lopez,Northern Cape,2022-04-06
100051,Christopher Jensen,Western Cape,2021-11-23
100052,Patrick Wade,Mpumalanga,2020-09-26
100053,Laura Luna,Limpopo,2025-06-11
100054,Timothy Nelson,Eastern Cape,2025-01-24
100055,Elizabeth Martin,Gauteng,2021-12-29
100056,Kevin Carlson,Free State,2024-09-22
100057,Eric Little,Gauteng,2020-10-10
100058,Victoria Tucker,Gauteng,2020-10-12
100059,David Nelson,KwaZulu-Natal,2024-12-16
100060,Elizabeth Anderson,KwaZulu-Natal,2025-09-16
100061,William Alexander,Gauteng,2024-07-28
100062,Lisa Perez,KwaZulu-Natal,2022-01-20
100063,Margaret Oneal,KwaZulu-Natal,2021-11-24
100064,Cassie Chan,Mpumalanga,2022-01-31
100065,Andrea Suarez,Eastern Cape,2020-07-06
100066,David Mccarty,Eastern Cape,2024-04-01
100067,Natasha Elliott,Eastern Cape,2023-11-24
100068,Alicia Hill,KwaZulu-Natal,2020-06-02
100069,Michelle Jimenez,Gauteng,2020-03-24
100070,Scott Duke,KwaZulu-Natal,2023-10-25
100071,Jason Richards,Limpopo,2026-01-05
100072,Donald Lopez,Gauteng,2023-10-29
100073,Eric Martinez,Northern Cape,2024-11-28
100074,Brendan Green,Northern Cape,2024-11-11
100075,Jordan Cruz,Northern Cape,2020-10-16
100076,Larry Savage,Northern Cape,2024-10-23
100077,Steven Mcclain,Free State,2022-03-02
100078,Annette Singh,Free State,2022-01-01
100079,Cathy Porter,Gauteng,2024-06-03
100080,Ann Wagner,Limpopo,2021-01-14
100081,Brenda Vaughan,Northern Cape,2024-08-23
100082,Lance Smith,Free State,2021-11-26
100083,Charles Jones,Free State,2022-04-22
100084,Tonya Watson,Free State,2023-08-22
100085,Dwayne Kennedy,Mpumalanga,2023-10-28
100086,Hannah Kim,Limpopo,2023-01-25
100087,Rebekah Wilson,Gauteng,2024-09-23
100088,Kelly Andrews,Limpopo,2025-11-13
100089,Linda Bradley,Limpopo,2022-07-01
100090,Marc Lynch,Gauteng,2021-07-26
100091,Bonnie Finley DDS,KwaZulu-Natal,2024-02-09
100092,Zachary Murphy,North West,2021-05-30
100093,Stephanie Schroeder,Gauteng,2024-01-03
100094,Briana Smith,Northern Cape,2021-02-15
100095,Jon Lin,Northern Cape,2025-04-09
100096,Jonathon Thomas,KwaZulu-Natal,2023-03-23
100097,Carla Hall,Eastern Cape,2020-07-16
100098,Devon Lopez,Eastern Cape,2021-06-29
100099,Denise Walter,Free State,2022-04-03
100100,Anna Mckenzie,Eastern Cape,2022-02-02
100101,Jason Johnston,North West,2020-06-01
100102,Christian Richardson,Mpumalanga,2024-01-05
100103,Tiffany Delgado,Western Cape,2026-02-20
100104,Mrs. Amanda Gonzales,Western Cape,2020-12-01
100105,Gail Jones,Northern Cape,2020-06-03
100106,Robert Powers,Mpumalanga,2023-04-08
100107,Luis Fox,Limpopo,2024-04-19
100108,John Wagner,Eastern Cape,2022-10-11
100109,William Anderson,Free State,2024-07-08
100110,Robert Kirby,Eastern Cape,2022-12-08
100111,Joshua Wagner,North West,2026-04-17
100112,Louis Martin,Western Cape,2024-08-20
100113,Linda Vega,Northern Cape,2024-03-24
100114,Joseph Gomez,Western Cape,2026-05-07
100115,Regina Chavez,Free State,2024-01-03
100116,Kristopher Flynn,North West,2024-04-04
100117,Brian Stevens,KwaZulu-Natal,2025-12-13
100118,Scott Madden,Gauteng,2025-04-19
100119,Krista Steele,Northern Cape,2022-01-11
100120,Paul Knight,North West,2025-12-06
100121,Anthony Rose,Western Cape,2025-07-27
100122,Stephanie Davis,Eastern Cape,2022-06-21
100123,Marcus Farley,Northern Cape,2026-03-25
100124,David Jones,Western Cape,2020-12-29
100125,Ashlee Williams,Northern Cape,2025-10-19
100126,Matthew Young,North West,2021-11-14
100127,Beverly Wilson,Free State,2024-03-15
100128,Dalton Smith,KwaZulu-Natal,2020-09-06
100129,Megan Davis,Western Cape,2021-02-04
100130,Dana Hunter,KwaZulu-Natal,2025-05-11
100131,Robert Morgan,Northern Cape,2021-04-15
100132,James Davis,Gauteng,2020-02-17
100133,James Wagner,Limpopo,2020-01-26
100134,Jennifer Oneill,KwaZulu-Natal,2024-12-10
100135,Katherine Floyd,Western Cape,2020-04-07
100136,Henry Bowers,Mpumalanga,2025-12-08
100137,Manuel Davis,Mpumalanga,2022-07-12
100138,Jose Williams,Western Cape,2021-07-13
100139,Russell White,Northern Cape,2021-10-22
100140,Randy Gibson,Eastern Cape,2023-10-31
100141,Jessica Dominguez,Free State,2024-05-29
100142,Taylor Griffith,North West,2023-12-21
100143,Paul Dalton,Free State,2022-02-27
100144,Madison Lee,North West,2023-02-19
100145,Jamie Turner,Northern Cape,2020-05-01
100146,Nicole Romero,Eastern Cape,2025-05-14
100147,Charles Willis,North West,2024-11-18
100148,Michael Black,Free State,2024-05-10
100149,Andrea Flores,Western Cape,2020-03-18
100150,Daniel Williams,Mpumalanga,2025-12-20
100151,Dennis Benson,Mpumalanga,2025-03-04
100152,Michael Smith,Free State,2020-06-22
100153,Rebekah Ellis,Limpopo,2023-09-28
100154,Claudia Estrada,Limpopo,2021-09-04
100155,Melissa Collier,Western Cape,2023-12-05
100156,Connor Garcia,KwaZulu-Natal,2025-02-13
100157,Erica Young,North West,2021-12-07
100158,Mariah Cline,Free State,2025-01-17
100159,Kenneth Reeves,Limpopo,2024-02-21
100160,Mitchell Cline,Northern Cape,2025-05-23
100161,Courtney Garrett,Free State,2025-04-27
100162,Paula Lawrence,Mpumalanga,2023-03-10
100163,Cynthia Young,North West,2020-10-01
100164,Marissa Evans,Limpopo,2025-03-28
100165,Christina Cruz,Gauteng,2022-12-03
100166,Alexis Gibson,KwaZulu-Natal,2024-03-23
100167,Crystal Nelson,Limpopo,2020-04-15
100168,Stephen Riley,Limpopo,2020-04-20
100169,Jamie Love,North West,2022-05-16
100170,Matthew Andrews,Free State,2020-10-29
100171,Jennifer Carter,Limpopo,2021-05-29
100172,Kelly Gallagher,Mpumalanga,2023-01-31
100173,Stacey Patel,Western Cape,2022-05-11
100174,Taylor Singh,North West,2023-10-07
100175,Michelle Olsen,KwaZulu-Natal,2020-05-26
100176,Justin Carpenter MD,KwaZulu-Natal,2022-05-17
100177,Bethany Sims,KwaZulu-Natal,2022-01-23
100178,Donald Johnson,Eastern Cape,2024-06-17
100179,Margaret Garcia,Gauteng,2021-04-10
100180,Patrick Grant,Eastern Cape,2020-11-27
100181,Joseph Velez,Western Cape,2025-03-26
100182,Taylor Chapman,Northern Cape,2024-09-04
100183,Nathan Jones,North West,2024-09-07
100184,Jeffrey Obrien,Northern Cape,2022-09-03
100185,Julie Knight,North West,2020-06-11
100186,Robert Sanchez,Free State,2025-03-22
100187,Ryan Gray,Mpumalanga,2021-11-13
100188,Melissa Walton,Eastern Cape,2025-02-08
100189,Michael Parks,Western Cape,2026-01-01
100190,Maria Thompson,North West,2020-03-05
100191,Raymond Thomas,Northern Cape,2023-08-11
100192,Christopher Miller,Free State,2021-07-30
100193,Tamara Evans,Gauteng,2023-03-20
100194,Brian Lewis,Eastern Cape,2021-12-16
100195,Brandon Harris,Limpopo,2024-09-29
100196,Peter Thompson,Limpopo,2020-04-30
100197,Michael Nichols,Gauteng,2024-04-12
100198,Raymond Soto,Limpopo,2022-05-05
100199,Christopher Chang,Eastern Cape,2022-12-24
100200,Robert Bell,Gauteng,2025-01-02
100201,Kimberly Copeland,Western Cape,2020-05-30
100202,Paula Taylor,Western Cape,2020-03-10
100203,Michele Nelson,Eastern Cape,2026-04-10
100204,Jose Townsend,North West,2023-06-14
100205,Paige Wells,Free State,2025-12-06
100206,Abigail Scott,Western Cape,2023-04-26
100207,Mrs. Patricia Salazar,Mpumalanga,2023-08-08
100208,Zachary Bonilla,KwaZulu-Natal,2020-04-29
100209,Paul Cook,Free State,2023-04-27
100210,Dennis Carpenter,Limpopo,2022-12-30
100211,Dr. Timothy Hess,Mpumalanga,2025-10-11
100212,Brianna Robinson DVM,Gauteng,2020-10-06
100213,Melanie Hall,North West,2021-10-17
100214,Jack Davis,Western Cape,2025-03-29
100215,Jeremy Rodriguez,Western Cape,2024-05-04
100216,Ana Mason,Free State,2023-05-23
100217,William Lopez,North West,2025-09-29
100218,Mary Adams,Northern Cape,2020-09-07
100219,Samantha Barrera,Western Cape,2025-06-24
100220,Thomas Holmes,Eastern Cape,2020-06-16
100221,Steven Jackson,Limpopo,2024-06-27
100222,Mr. Paul Reynolds PhD,Gauteng,2026-06-04
100223,Thomas Robertson,Limpopo,2020-05-21
100224,Craig Vaughn,Limpopo,2021-04-06
100225,Jill Sanders DDS,Gauteng,2026-01-11
100226,Emily Clark,Free State,2024-04-27
100227,Tony Parks,KwaZulu-Natal,2020-02-04
100228,Jackson Swanson,North West,2024-07-27
100229,David White,Limpopo,2023-04-30
100230,Crystal Hernandez,North West,2025-03-14
100231,Nancy Roman,Northern Cape,2020-12-19
100232,Kayla Galloway,Western Cape,2022-06-14
100233,Martha Kim,Eastern Cape,2024-06-13
100234,Mallory Rios,Mpumalanga,2021-09-08
100235,James Gallegos,Eastern Cape,2024-01-04
100236,Dustin Sharp,Limpopo,2021-09-17
100237,Christine Russell,KwaZulu-Natal,2025-01-17
100238,Marcus Lyons,KwaZulu-Natal,2021-10-03
100239,Gerald Pittman DDS,Limpopo,2024-04-22
100240,Duane Schroeder,Gauteng,2024-09-11
100241,Jeremy Clark,Eastern Cape,2023-05-30
100242,John Smith,KwaZulu-Natal,2025-01-09
100243,Chelsea Brown DVM,Free State,2025-01-11
100244,Alisha Gonzales,North West,2021-06-09
100245,Dustin Benjamin,Northern Cape,2025-05-24
100246,Allen Miller,Free State,2020-01-28
100247,Sara Golden,Limpopo,2025-09-12
100248,Edward Park,Western Cape,2024-02-02
100249,Robin Maldonado,North West,2021-05-28
100250,Joseph Kim,Gauteng,2020-07-23
100251,Michael Meyer,Northern Cape,2023-03-28
100252,David Molina,Limpopo,2024-07-10
100253,Kyle Alexander,North West,2022-12-27
100254,Patrick Murray,North West,2023-07-01
100255,Christopher Bray,Western Cape,2024-01-11
100256,Christopher Bullock,Eastern Cape,2022-03-15
100257,Theresa Parker,Free State,2026-06-25
100258,Valerie Welch,North West,2025-12-04
100259,Michelle Glenn,Western Cape,2024-09-27
100260,Patrick Williams,Free State,2023-03-15
100261,Matthew Thomas,North West,2025-04-07
100262,Alicia Ward,Northern Cape,2024-10-24
100263,Gregory Harrison,KwaZulu-Natal,2020-08-30
100264,Blake Franklin,KwaZulu-Natal,2020-05-24
100265,Shirley Turner,Free State,2021-04-18
100266,Jessica Nguyen,KwaZulu-Natal,2024-10-07
100267,Ashley Ward,North West,2023-11-21
100268,Andrea Morales,Mpumalanga,2024-08-22
100269,Alyssa Williams,Western Cape,2023-03-28
100270,Jimmy Logan,Free State,2025-06-14
100271,Micheal Davidson,KwaZulu-Natal,2023-03-02
100272,Jose Collins,Gauteng,2025-01-24
100273,Jason Bailey,Eastern Cape,2025-05-15
100274,Christopher Robinson,Limpopo,2022-08-27
100275,Chad Howard,North West,2022-09-23
100276,Kelly Ortiz,Free State,2022-07-31
100277,Manuel Harmon,Limpopo,2020-11-12
100278,Emily Kelly,Mpumalanga,2023-08-23
100279,Casey Willis DDS,KwaZulu-Natal,2022-11-14
100280,Karen Watts,Gauteng,2021-09-18
100281,Lori Adams,Eastern Cape,2023-06-25
100282,Leah Reynolds,Mpumalanga,2021-04-26
100283,Larry Mitchell,Mpumalanga,2022-02-28
100284,Kelli Trujillo,Mpumalanga,2022-07-21
100285,Kathleen Diaz,Limpopo,2024-07-15
100286,Zoe Savage,Gauteng,2025-04-13
100287,Christopher Best,Mpumalanga,2025-03-08
100288,Kayla Haynes,Mpumalanga,2025-09-14
100289,Andrew Moreno,KwaZulu-Natal,2021-06-03
100290,Tristan Lutz,Mpumalanga,2021-07-09
100291,Michael Ayala,Eastern Cape,2026-02-17
100292,Amanda Caldwell,North West,2023-11-16
100293,Jennifer Smith,Eastern Cape,2021-01-23
100294,Anthony Valdez,Western Cape,2024-01-04
100295,Melissa Ferrell,Free State,2024-11-08
100296,Susan Hill,North West,2024-05-11
100297,Brian White,Gauteng,2022-03-15
100298,Christina Hubbard,KwaZulu-Natal,2022-01-01
100299,David Holmes,Mpumalanga,2023-06-03
100300,Ashlee Vaughan,Free State,2020-09-28
100301,Allison Rivera,Northern Cape,2024-02-07
100302,Anthony Silva,Free State,2025-08-31
100303,Jessica Sanchez,Eastern Cape,2020-10-03
100304,Anthony Holmes,Western Cape,2021-10-30
100305,Brian Conley,Eastern Cape,2023-07-13
100306,Mrs. Carla Mcbride,Eastern Cape,2020-03-14
100307,Carla Haynes,Northern Cape,2024-09-29
100308,Jeffrey Swanson,Mpumalanga,2023-06-13
100309,Sarah Owen,Gauteng,2023-06-04
100310,Mercedes Cantu,Northern Cape,2020-02-14
100311,Madeline White,North West,2025-01-01
100312,William Nelson,KwaZulu-Natal,2020-12-29
100313,Douglas Cooper,North West,2020-09-27
100314,Chad Underwood,Limpopo,2020-06-27
100315,Charles Carter,Eastern Cape,2025-01-26
100316,Kaitlyn Hansen,Limpopo,2024-01-02
100317,Stephen Rivera,North West,2023-03-03
100318,Larry Garcia,Eastern Cape,2025-06-10
100319,Robert Rodriguez,Limpopo,2020-08-25
100320,Patricia Peterson,KwaZulu-Natal,2020-01-30
100321,Melanie Hamilton,Gauteng,2022-03-06
100322,Deanna Tanner,Mpumalanga,2021-12-30
100323,Ashley Pitts,Gauteng,2020-07-26
100324,Jennifer Gonzalez,Western Cape,2026-04-02
100325,Shaun Davis,North West,2024-12-29
100326,Dana Brown,Western Cape,2024-08-31
100327,Johnny Powers,Eastern Cape,2023-04-23
100328,Kyle Holt,Limpopo,2025-09-07
100329,Stephanie Davis,Western Cape,2021-12-04
100330,Amanda Ball,Mpumalanga,2023-07-22
100331,Margaret Olsen,Northern Cape,2025-12-30
100332,Joseph Griffin,Limpopo,2020-08-12
100333,Melissa Luna,KwaZulu-Natal,2021-01-11
100334,George Payne,Free State,2021-09-15
100335,Hunter Robinson,Western Cape,2024-02-11
100336,Jonathan Delgado,Limpopo,2023-07-30
100337,Jeffrey Collins,KwaZulu-Natal,2021-05-09
100338,Dale Rowland,Gauteng,2022-11-30
100339,Richard Sherman,Free State,2023-01-12
100340,David Tucker,Mpumalanga,2024-12-01
100341,Tara Banks,Mpumalanga,2021-11-18
100342,Dana Benton,Western Cape,2021-09-14
100343,Michael Kirby,Eastern Cape,2020-11-21
100344,Marc Alexander,Western Cape,2023-03-02
100345,Angela Parks,KwaZulu-Natal,2024-05-17
100346,Anthony Flores,Mpumalanga,2022-03-06
100347,Chase Garner,Western Cape,2022-10-17
100348,Michele Watson,Limpopo,2024-06-17
100349,Eric Hoffman,Free State,2020-02-02
100350,Megan Rivera,Western Cape,2022-12-30
100351,Pamela Meadows,Free State,2025-03-27
100352,Emily Montgomery,Western Cape,2022-06-16
100353,Joshua Solomon,Western Cape,2025-10-12
100354,Seth Rogers,North West,2020-08-21
100355,Robert Allen,Western Cape,2026-06-24
100356,Isabella Clark,Free State,2023-04-03
100357,Brooke Adams,KwaZulu-Natal,2024-11-14
100358,Brenda Arias,KwaZulu-Natal,2020-03-10
100359,Robert Davis,Free State,2025-10-11
100360,Christopher Rogers,Mpumalanga,2022-01-19
100361,Patricia Gonzalez,Gauteng,2023-09-10
100362,Adam Miller,Gauteng,2025-01-03
100363,Dawn Rios,Free State,2022-12-29
100364,Penny Chapman,KwaZulu-Natal,2025-10-31
100365,Elizabeth Solis,Northern Cape,2026-03-02
100366,Karen Parks,Limpopo,2024-12-06
100367,Alex Martin,Northern Cape,2025-07-31
100368,Jeffrey Lynn Jr.,Eastern Cape,2022-12-19
100369,Lori David,North West,2024-06-15
100370,Julia Henderson,Gauteng,2022-08-12
100371,Michael Clark,Gauteng,2020-11-27
100372,Leonard Shaw,KwaZulu-Natal,2025-10-21
100373,Scott Haley,North West,2023-09-23
100374,Tammy Carter,Mpumalanga,2024-02-29
100375,Laurie Stafford,KwaZulu-Natal,2023-10-17
100376,Joseph Cross,Mpumalanga,2021-12-19
100377,Dana Wallace,North West,2026-05-12
100378,Charles Smith,Mpumalanga,2023-06-12
100379,Andrew Johnson,Mpumalanga,2023-08-17
100380,Joseph Morales,North West,2025-10-05
100381,Jonathan Santos,KwaZulu-Natal,2022-04-24
100382,Kimberly Perry,Mpumalanga,2026-05-03
100383,Carlos Smith,Eastern Cape,2023-10-28
100384,Margaret Palmer,Northern Cape,2023-09-06
100385,Richard Burke,Northern Cape,2025-01-20
100386,Gloria Lewis,Limpopo,2021-11-05
100387,Jessica Carter,Eastern Cape,2024-02-02
100388,Kevin Harrison,Limpopo,2024-05-05
100389,Kyle Farley,Gauteng,2020-02-18
100390,Arthur Wright,Eastern Cape,2022-03-03
100391,Stephanie Lewis,Free State,2023-08-15
100392,Betty Williams,Eastern Cape,2022-03-09
100393,Sarah Robinson,Northern Cape,2025-09-06
100394,Paula Marquez,KwaZulu-Natal,2023-09-16
100395,Christine Lee,North West,2021-11-10
100396,Brooke Mueller,KwaZulu-Natal,2025-01-10
100397,Pamela Anderson,North West,2020-12-27
100398,Amanda Hunt,Western Cape,2026-06-23
100399,Joshua Alexander,Eastern Cape,2025-11-27
100400,Lisa Sutton,KwaZulu-Natal,2020-10-30
100401,Sarah Johnson,Mpumalanga,2025-03-16
100402,Heather Everett,Northern Cape,2026-05-28
100403,Sierra Hammond,Free State,2022-01-28
100404,Regina Peters,Mpumalanga,2026-01-28
100405,Tyler Sanchez,Limpopo,2021-04-08
100406,David Hall,KwaZulu-Natal,2021-04-03
100407,Tina Smith,Eastern Cape,2021-08-14
100408,Michelle Owens,Gauteng,2023-10-24
100409,Amy Schmidt,Mpumalanga,2025-03-31
100410,Cindy Bell,North West,2021-04-14
100411,Lisa Thompson,Northern Cape,2023-12-28
100412,Virginia Green,Free State,2022-05-12
100413,Lauren Castaneda,Free State,2024-06-19
100414,Olivia Parker,KwaZulu-Natal,2020-03-25
100415,Justin Clark,Free State,2024-05-14
100416,Jeffrey Hawkins,North West,2021-09-01
100417,Lauren Martinez,Limpopo,2020-09-24
100418,Adrian Stanley,Gauteng,2020-02-04
100419,Jason Terry,Free State,2025-06-10
100420,Ralph Holland,Eastern Cape,2025-06-12
100421,Dennis Cruz,Eastern Cape,2025-05-31
100422,Robert Nichols,KwaZulu-Natal,2020-02-20
100423,Randy Ray II,North West,2020-05-08
100424,Jacob Thomas,Limpopo,2022-02-08
100425,Margaret Padilla,Western Cape,2024-08-20
100426,Eugene Arnold,North West,2020-06-21
100427,Elizabeth Garcia,North West,2022-01-03
100428,Connie Le,Gauteng,2023-11-02
100429,Alisha Ramirez,North West,2023-02-20
100430,Brittany Doyle,Northern Cape,2023-07-12
100431,Karen Coleman,Limpopo,2025-12-30
100432,Sherry Smith,Limpopo,2020-12-05
100433,John Hart,Mpumalanga,2020-04-17
100434,Brandon Henderson,Mpumalanga,2023-03-17
100435,Robert Thompson,Gauteng,2024-01-06
100436,Amanda Davidson,Eastern Cape,2024-11-04
100437,Blake Perez,Northern Cape,2025-03-23
100438,Sandra Herrera,North West,2025-05-31
100439,Jordan Smith,Eastern Cape,2022-06-26
100440,Natasha Sanchez,Eastern Cape,2022-11-26
100441,Jacob Brown,KwaZulu-Natal,2025-08-04
100442,Lauren Zamora,Free State,2020-04-25
100443,Thomas Carlson,Limpopo,2020-08-18
100444,Whitney Howell,Northern Cape,2025-06-28
100445,Michael Campbell,KwaZulu-Natal,2024-12-30
100446,Tara Hoover,KwaZulu-Natal,2025-09-19
100447,Ruth Kane,Eastern Cape,2021-10-08
100448,Stacy Compton,Western Cape,2020-03-08
100449,Ian Curtis,Limpopo,2020-12-11
100450,Lisa Taylor,North West,2022-11-26
100451,Martha Wilson,Free State,2025-01-07
100452,Edward Velasquez,North West,2025-07-08
100453,Sarah Fernandez,Mpumalanga,2023-01-24
100454,Thomas Jenkins,Gauteng,2020-06-01
100455,Roger Johnson,Northern Cape,2020-02-28
100456,Robert Mullen,Gauteng,2025-07-25
100457,Thomas Delgado,Northern Cape,2025-01-01
100458,Amanda Beck,Mpumalanga,2022-05-09
100459,Thomas Nelson,Mpumalanga,2020-11-16
100460,Amanda Harris,Northern Cape,2020-07-20
100461,Adrian Powers,Mpumalanga,2025-03-28
100462,Mark Patel,Western Cape,2022-05-23
100463,Gerald Wade,Mpumalanga,2022-11-23
100464,Jennifer Dillon,Eastern Cape,2023-01-05
100465,Mitchell Guerrero,Free State,2026-06-08
100466,David Burns,Western Cape,2021-04-24
100467,Jacob Smith,Limpopo,2025-03-27
100468,Marcus Wallace,Northern Cape,2023-04-26
100469,Evelyn Baker,North West,2021-02-02
100470,David Klein,Limpopo,2022-09-28
100471,Jonathan Nelson,KwaZulu-Natal,2021-09-04
100472,Nicole Schmidt,North West,2020-12-28
100473,Chase Jones,Gauteng,2022-07-18
100474,Daniel Bean,Eastern Cape,2024-02-02
100475,Kimberly Wade,Eastern Cape,2024-04-30
100476,Stacy Arnold,Free State,2025-10-22
100477,Bill Smith,Western Cape,2023-05-25
100478,Barbara Wright,Gauteng,2021-06-02
100479,Anna Holt,Limpopo,2023-12-08
100480,Sharon Tyler,Northern Cape,2020-11-23
100481,Stephanie Freeman,Mpumalanga,2021-06-18
100482,Jennifer Hall,Western Cape,2024-09-20
100483,Rachel Knox,Northern Cape,2020-07-03
100484,Rebecca Baker,Eastern Cape,2025-09-01
100485,William Hampton,Limpopo,2022-11-10
100486,Lorraine Gamble,Northern Cape,2024-04-07
100487,Christopher Green,North West,2026-04-02
100488,Brittney Burgess,North West,2022-02-09
100489,Misty Figueroa,Gauteng,2024-09-28
100490,Rachel Montoya,Limpopo,2026-02-25
100491,Steven Lynch,Eastern Cape,2024-02-15
100492,Yvette Montgomery,North West,2021-04-12
100493,Harry Burton,Limpopo,2021-03-12
100494,Jacob Brown,KwaZulu-Natal,2022-08-13
100495,Michael Harris,Limpopo,2022-09-05
100496,Randy Perry,North West,2020-02-28
100497,Rachel Cruz,Eastern Cape,2026-03-11
100498,Terri Bates,Free State,2021-08-13
100499,Shannon Sawyer,Mpumalanga,2026-01-20
100500,Ronald Rose,Mpumalanga,2025-07-16
100501,Eduardo Hodges,Gauteng,2025-02-05
100502,Joseph Moreno,Western Cape,2024-01-04
100503,Charles Bridges,Gauteng,2022-01-31
100504,Anthony Hawkins,Gauteng,2025-10-20
100505,Ryan Wilson,North West,2020-03-05
100506,Victoria Dyer,Limpopo,2024-04-21
100507,Nancy Beltran,Eastern Cape,2025-11-20
100508,Willie Anderson,Western Cape,2023-04-28
100509,Rebecca Chapman,Gauteng,2021-10-21
100510,Allison Moss,Western Cape,2025-07-10
100511,Michael Roberts,North West,2021-05-05
100512,David Romero,KwaZulu-Natal,2022-02-20
100513,Sydney White,Free State,2022-02-13
100514,Brett Anderson,Free State,2020-05-01
100515,Sylvia Wallace,KwaZulu-Natal,2023-05-02
100516,Christopher Guerra,KwaZulu-Natal,2021-10-03
100517,Teresa Hart,Eastern Cape,2024-07-09
100518,Michael Nguyen,Western Cape,2026-06-25
100519,Barbara Smith,Free State,2021-09-04
100520,Daniel Brooks,Northern Cape,2020-01-31
100521,Nicholas Foster,Northern Cape,2025-06-23
100522,Theresa Johnson,Free State,2022-10-24
100523,Ashley Davis,Gauteng,2022-10-20
100524,Jennifer Owens,North West,2023-02-23
100525,Adam Wilson,Mpumalanga,2024-01-05
100526,Laura Butler,North West,2025-03-22
100527,Christopher White,Western Cape,2025-01-02
100528,Kathleen Mendoza,Gauteng,2023-12-05
100529,Cory Smith,Limpopo,2020-06-11
100530,Alan Fitzpatrick,Free State,2020-07-19
100531,Thomas Jackson,Free State,2022-08-29
100532,Andrew Jordan,Western Cape,2022-11-06
100533,Allison Fields,Limpopo,2023-12-18
100534,Jeffery Ray,KwaZulu-Natal,2020-01-02
100535,Mrs. Rachel Mccormick,Northern Cape,2021-07-20
100536,Terrence Ruiz,Northern Cape,2022-05-11
100537,Wendy Acosta,Eastern Cape,2022-03-03
100538,Angela Walker,Free State,2023-08-27
100539,Mary Martinez,Northern Cape,2023-06-23
100540,Mrs. Alison Ho,Mpumalanga,2025-06-17
100541,Logan Vazquez IV,Limpopo,2024-08-14
100542,Ashley Tran,Limpopo,2021-05-31
100543,Samantha Turner,Western Cape,2024-10-14
100544,George Adams,Northern Cape,2023-12-07
100545,Jonathan Oconnell,North West,2026-03-13
100546,Laura Johnson PhD,Eastern Cape,2025-07-18
100547,Lauren Taylor,Free State,2024-04-10
100548,Christine Esparza,Eastern Cape,2022-03-22
100549,Kathleen Trujillo,Eastern Cape,2023-08-07
100550,Kellie Mcguire,Gauteng,2024-05-26
100551,Nicole Reid,Northern Cape,2023-05-31
100552,Billy Ellis,Western Cape,2020-05-16
100553,Steven Murphy,KwaZulu-Natal,2025-04-17
100554,Andrea Parsons,North West,2026-04-18
100555,Tiffany Lindsey,Limpopo,2024-09-04
100556,Stephanie Nichols,Eastern Cape,2022-06-05
100557,David Marshall,Northern Cape,2023-12-08
100558,Daniel Robbins,Western Cape,2024-03-16
100559,Kenneth Johnson,Mpumalanga,2021-05-22
100560,John Brown,KwaZulu-Natal,2026-01-19
100561,Linda Martinez,North West,2025-09-04
100562,Christine Burton,Eastern Cape,2020-11-12
100563,Erin Gibson,Mpumalanga,2024-12-08
100564,Steve Hall,Eastern Cape,2024-04-01
100565,Christine Lowe,Northern Cape,2021-11-13
100566,Cameron Moore,North West,2024-04-11
100567,Elijah Scott,KwaZulu-Natal,2025-08-17
100568,Mrs. Sharon Price,North West,2024-06-20
100569,Zachary Acosta,KwaZulu-Natal,2026-03-19
100570,Michael Sellers,Western Cape,2024-08-05
100571,Patrick Cooper,Eastern Cape,2024-04-19
100572,Wendy Mcgee,Northern Cape,2025-02-24
100573,Danielle Gonzalez,Northern Cape,2020-07-12
100574,David Romero,Gauteng,2020-03-30
100575,Tina Jones,North West,2025-04-02
100576,Tina Roberts,North West,2024-03-04
100577,Brandon Santiago,Northern Cape,2026-06-29
100578,Stephanie Everett,Free State,2023-08-26
100579,Donna Nguyen,Mpumalanga,2020-01-06
100580,Andrew Gregory,Gauteng,2023-05-15
100581,Natasha Wilson,Gauteng,2021-01-03
100582,Philip Hunter,KwaZulu-Natal,2021-05-07
100583,David Contreras,KwaZulu-Natal,2024-06-30
100584,Jennifer Patel,KwaZulu-Natal,2026-01-16
100585,Ryan Smith,Eastern Cape,2022-05-13
100586,Brian Jones,Free State,2020-03-17
100587,John Dodson,North West,2026-03-13
100588,Karen Atkins,Northern Cape,2025-09-18
100589,Donald Ford,Northern Cape,2020-10-24
100590,Jade Simmons,Mpumalanga,2023-08-21
100591,Steven Schultz,Western Cape,2026-04-29
100592,David Williams,Eastern Cape,2021-07-21
100593,Christine Coleman,Gauteng,2025-04-10
100594,Karen Smith,Free State,2022-10-05
100595,Ryan Wyatt,Eastern Cape,2026-04-19
100596,Robert Shepard,Eastern Cape,2022-11-02
100597,Randy Roberts,Northern Cape,2026-06-29
100598,Cynthia Sexton,Gauteng,2023-07-04
100599,Richard Brown,Eastern Cape,2026-03-12
100600,Casey Bolton,KwaZulu-Natal,2021-06-26
100601,Jamie Griffin,Western Cape,2022-11-26
100602,Daniel Campos,Mpumalanga,2025-08-06
100603,Andrew Johnson,Mpumalanga,2021-08-06
100604,Adrian Myers,Free State,2025-12-30
100605,Deanna Taylor,KwaZulu-Natal,2022-04-25
100606,Julie Marks,Eastern Cape,2021-11-28
100607,Victor Schroeder,Free State,2022-07-21
100608,Richard Davis,Gauteng,2022-06-30
100609,Kimberly Blackwell,Northern Cape,2022-06-17
100610,Jason Richardson,Limpopo,2023-01-18
100611,Kristi Davis,Limpopo,2021-03-26
100612,Heather Wright,Free State,2026-03-29
100613,Amanda Burgess,Northern Cape,2024-06-23
100614,Joshua Cook,Gauteng,2024-03-23
100615,Stacey Burgess,Northern Cape,2023-12-10
100616,Shirley Smith,KwaZulu-Natal,2022-07-04
100617,Bryan Tapia,KwaZulu-Natal,2025-05-11
100618,Cory Carson,Western Cape,2020-05-10
100619,Michael Mccoy,Eastern Cape,2026-01-27
100620,Matthew Herman,North West,2026-06-23
100621,Brandon Curtis Jr.,Mpumalanga,2023-03-01
100622,Theresa Garrett,Mpumalanga,2025-06-18
100623,Gina Austin,North West,2025-06-06
100624,Angela Barry DDS,Western Cape,2022-03-25
100625,Thomas Mendoza,Western Cape,2023-01-25
100626,Eric Smith,Free State,2025-03-21
100627,Brittany Larsen,Gauteng,2022-02-23
100628,Robert Smith,Eastern Cape,2024-01-24
100629,Miguel Weeks,Limpopo,2020-08-14
100630,Lonnie Page,Gauteng,2021-02-23
100631,Tammy Anderson,KwaZulu-Natal,2021-04-19
100632,Robert Perez,Free State,2021-08-20
100633,Emily Mckee,Western Cape,2020-05-20
100634,Haley Neal,Northern Cape,2024-11-05
100635,Pamela Miller,Free State,2025-09-18
100636,Lauren Garner,KwaZulu-Natal,2024-03-30
100637,Justin Carroll,KwaZulu-Natal,2021-12-23
100638,Matthew Burns,Eastern Cape,2023-03-26
100639,Jose Roberts,Western Cape,2024-09-30
100640,Brandi Perez,Gauteng,2021-10-06
100641,Jodi Griffith,Northern Cape,2023-07-10
100642,Caitlyn Barr,Northern Cape,2026-03-15
100643,Amber Carey,Free State,2026-04-04
100644,Daniel Browning,Gauteng,2024-04-16
100645,Shannon Morales,Mpumalanga,2021-12-17
100646,Susan Moreno,North West,2023-10-17
100647,John Adams,KwaZulu-Natal,2025-12-10
100648,Melissa Peters,Gauteng,2025-04-19
100649,Mr. James Benjamin Jr.,Gauteng,2023-12-24
100650,Meredith Mullins,Eastern Cape,2024-09-06
100651,Joshua Smith,Northern Cape,2022-07-03
100652,David Kelly,KwaZulu-Natal,2021-04-19
100653,Joshua Hill,Western Cape,2021-02-28
100654,Mckenzie Wagner,Free State,2022-05-21
100655,Scott Harvey,Northern Cape,2025-04-07
100656,Kevin Dixon,Free State,2020-01-21
100657,Sarah Gray,North West,2022-10-16
100658,Mr. Carlos Carter,Gauteng,2025-12-18
100659,Darrell Harper,Eastern Cape,2026-03-19
100660,Justin Cook,Eastern Cape,2023-05-15
100661,Mrs. Diane Espinoza PhD,Free State,2025-02-08
100662,Timothy Marshall,North West,2024-08-14
100663,Jacob Martinez,Western Cape,2022-12-09
100664,Samuel Vasquez,North West,2021-08-20
100665,Jeremy Patterson,Mpumalanga,2026-05-11
100666,Kristen Doyle,Gauteng,2025-07-03
100667,Deborah Wolfe,Western Cape,2021-03-17
100668,Timothy Brewer,Western Cape,2021-12-26
100669,Tom Smith,North West,2025-07-09
100670,Kevin Brown,Free State,2020-11-05
100671,Nicholas Hunter,North West,2020-12-28
100672,Tammy Moore,Limpopo,2025-02-12
100673,Cameron Cortez,KwaZulu-Natal,2025-08-30
100674,Mia Collins,Free State,2022-01-21
100675,Heather Lee,Gauteng,2022-12-29
100676,John Lang,Limpopo,2021-01-21
100677,Benjamin Villegas,Gauteng,2020-06-04
100678,Christina Wilson,Northern Cape,2020-08-09
100679,Gregory Silva,Western Cape,2025-08-09
100680,Matthew Mosley,Eastern Cape,2023-10-28
100681,Linda Robertson,Limpopo,2026-06-25
100682,Amy Brown,Mpumalanga,2025-12-22
100683,Theresa Diaz,KwaZulu-Natal,2023-08-31
100684,Jessica Hall,Gauteng,2023-06-11
100685,Brandon Valdez,Western Cape,2021-03-30
100686,Paul Wilson,Northern Cape,2022-07-05
100687,Mark Perez,Eastern Cape,2022-08-11
100688,Shannon Clark,Northern Cape,2024-07-04
100689,Catherine Shannon,Western Cape,2022-12-12
100690,Michael May,Limpopo,2024-02-17
100691,Jason Parks,Gauteng,2022-04-20
100692,Elizabeth Warren,North West,2021-10-30
100693,Caroline Grimes,North West,2026-06-04
100694,Angel Baker,Free State,2022-07-30
100695,Jon Garcia,Northern Cape,2021-03-12
100696,Penny Mcmillan,Gauteng,2025-10-21
100697,Aaron Dyer,Western Cape,2021-03-30
100698,William Williams,Western Cape,2021-08-18
100699,Donald Hamilton,Northern Cape,2025-11-20
100700,Michelle Williams,North West,2023-05-20
100701,Donald Davis,Northern Cape,2020-09-29
100702,Jonathon Whitaker,Western Cape,2026-01-31
100703,Brittany Hancock,Free State,2024-07-01
100704,Anthony Jimenez,Eastern Cape,2021-12-04
100705,Sharon Taylor,Gauteng,2020-02-26
100706,Nichole Johnson,Mpumalanga,2024-01-24
100707,Melissa Lambert,Gauteng,2024-02-23
100708,James Moore,KwaZulu-Natal,2025-08-31
100709,Lisa Martin,Limpopo,2023-01-15
100710,Michelle Allison,Eastern Cape,2025-01-09
100711,Bridget Bradshaw,KwaZulu-Natal,2022-10-31
100712,Jacqueline Bell,KwaZulu-Natal,2025-04-21
100713,Kelly Turner,Northern Cape,2022-11-30
100714,Denise Wilson,Western Cape,2024-04-30
100715,John Scott,Gauteng,2024-12-03
100716,Alexander Ruiz,Eastern Cape,2025-01-21
100717,Michael Jones,Western Cape,2022-07-16
100718,Julian Hudson Jr.,Free State,2025-05-25
100719,Emily Fisher,KwaZulu-Natal,2024-12-25
100720,William Irwin,Western Cape,2023-10-08
100721,Jennifer Ellis,Eastern Cape,2026-03-17
100722,Stacy Adams,North West,2023-12-02
100723,Whitney Warner,Western Cape,2022-10-26
100724,Daniel Dickerson,Western Cape,2025-07-23
100725,Jill Hall,Mpumalanga,2025-05-31
100726,Mary Riley,North West,2021-04-05
100727,Allison Williamson,Western Cape,2023-08-07
100728,Amy Kennedy,Free State,2023-12-23
100729,Julie Salazar,Eastern Cape,2026-05-10
100730,Abigail Orr,Eastern Cape,2023-03-12
100731,Amanda Kirk,Eastern Cape,2022-09-06
100732,James King,North West,2020-10-14
100733,Erica Walker,Northern Cape,2020-09-09
100734,Deborah Wilson,Gauteng,2026-06-20
100735,Joshua Suarez,Northern Cape,2025-02-24
100736,Julia Lopez,Limpopo,2024-02-03
100737,Nicholas Beck,Limpopo,2023-01-15
100738,Yolanda Martinez,Eastern Cape,2020-07-03
100739,Alejandra Wood,Gauteng,2021-06-10
100740,Jennifer Saunders,Eastern Cape,2023-02-28
100741,Tanya Morales,Limpopo,2024-10-09
100742,Michael Garcia,Limpopo,2025-09-20
100743,Heather Vang,Western Cape,2020-03-02
100744,Kevin Henderson,Mpumalanga,2023-07-29
100745,Kelsey Freeman,Eastern Cape,2022-05-23
100746,Amanda Tate,Gauteng,2023-11-26
100747,Gary Pacheco,KwaZulu-Natal,2024-12-16
100748,Jennifer Smith,Free State,2021-07-08
100749,Heather Perez,KwaZulu-Natal,2022-09-17
100750,Scott Lyons,KwaZulu-Natal,2026-02-16
100751,Keith Smith,Eastern Cape,2022-02-15
100752,Amanda Clark,Free State,2025-11-05
100753,Mary Reed,Eastern Cape,2022-09-08
100754,Brooke Long,Mpumalanga,2021-03-03
100755,Paul Chapman,Gauteng,2020-06-18
100756,Dorothy Steele,Gauteng,2026-02-16
100757,Nicole Harris,Limpopo,2022-03-26
100758,Mr. Alan Snyder,Western Cape,2020-05-12
100759,Karen Ross,Limpopo,2021-08-30
100760,Anthony Sanders,Western Cape,2020-03-10
100761,Mark Sanders,North West,2023-11-15
100762,Anna Johnson,Free State,2020-09-05
100763,Brittany Collins,Northern Cape,2021-03-28
100764,Melinda Barnett,Limpopo,2026-03-09
100765,Robert Lewis,Limpopo,2025-01-23
100766,Nicholas Perry MD,Eastern Cape,2022-06-30
100767,Michael Lawrence,Eastern Cape,2021-05-14
100768,Frank Cline,Northern Cape,2020-03-06
100769,Scott Wells,Eastern Cape,2022-11-09
100770,Kari Sutton,KwaZulu-Natal,2022-04-06
100771,Kaitlyn Thompson,Northern Cape,2026-04-11
100772,Kim Rogers,Free State,2022-07-01
100773,Penny Lopez,Free State,2020-03-01
100774,Sarah Simmons,KwaZulu-Natal,2024-01-30
100775,Rita Brown,Mpumalanga,2023-05-05
100776,Ryan Ramirez,Gauteng,2024-06-12
100777,Emily Hardy,North West,2020-07-21
100778,Hannah Santana,Limpopo,2020-06-12
100779,Taylor Gonzales,North West,2026-02-03
100780,Diana Phillips,Mpumalanga,2023-04-12
100781,Allen Curtis,Northern Cape,2020-06-15
100782,Heather Lopez,KwaZulu-Natal,2025-05-24
100783,Melissa Lynch,Mpumalanga,2021-11-02
100784,David Castaneda,Western Cape,2024-12-28
100785,Elizabeth Fuller,Free State,2023-02-06
100786,Kenneth Taylor,Northern Cape,2020-11-13
100787,Cheyenne Valdez,Free State,2020-04-01
100788,Aaron Finley,KwaZulu-Natal,2020-10-29
100789,Matthew Lopez,Eastern Cape,2026-06-08
100790,Michelle Chase MD,Free State,2021-11-01
100791,Samantha Fleming,Free State,2026-03-10
100792,Heather Smith,Limpopo,2021-12-20
100793,Kristin Stuart,Western Cape,2023-07-13
100794,Jose Alvarez,Limpopo,2021-10-05
100795,Willie Potter,Mpumalanga,2024-11-13
100796,Aaron Mcdonald,Limpopo,2021-08-02
100797,Michele Williams,Mpumalanga,2025-03-24
100798,Tonya Greene,Western Cape,2021-07-29
100799,Pamela Sanchez,KwaZulu-Natal,2020-02-26
100800,Dustin Johnson,KwaZulu-Natal,2023-03-11
100801,Mr. David Lopez,Free State,2025-02-17
100802,Heather Maddox,North West,2020-11-23
100803,Gerald Lamb,Free State,2020-05-25
100804,Jennifer Malone,KwaZulu-Natal,2022-06-12
100805,Amber Thompson,Free State,2020-02-03
100806,Elizabeth Castro,Free State,2020-04-19
100807,Matthew Smith,Western Cape,2022-05-11
100808,Jacqueline Mendoza,Western Cape,2024-03-05
100809,Sarah Long,KwaZulu-Natal,2025-11-09
100810,Nicole Gallegos,Gauteng,2020-03-27
100811,Anna Wallace,Gauteng,2020-11-12
100812,Nicole Wang,Western Cape,2023-09-18
100813,Kevin Morales,Mpumalanga,2021-01-30
100814,Robert Brown,Northern Cape,2021-06-06
100815,Teresa Hess,Free State,2020-07-07
100816,Samantha Miller,Limpopo,2020-05-24
100817,Kimberly Miller,KwaZulu-Natal,2023-02-14
100818,Clayton Douglas,Northern Cape,2020-04-15
100819,Ann Jackson,Eastern Cape,2021-11-15
100820,Christopher Guerra,Free State,2021-08-27
100821,Jennifer Webb,KwaZulu-Natal,2021-10-23
100822,Dawn Jordan,Northern Cape,2020-01-19
100823,Scott Brown,North West,2021-01-07
100824,Ashley Roberts,Eastern Cape,2022-09-21
100825,Lee Bennett,Free State,2021-06-26
100826,Melissa Maddox,KwaZulu-Natal,2023-03-08
100827,Nicole Valencia,Western Cape,2022-09-04
100828,Randy Wright,KwaZulu-Natal,2024-05-02
100829,Margaret Hogan,Gauteng,2025-07-15
100830,Terry Richmond,North West,2022-10-09
100831,Hannah Diaz,Free State,2024-06-06
100832,Jennifer Watkins,Free State,2023-09-28
100833,Christopher Anderson,Gauteng,2023-05-28
100834,Lisa Adams,Free State,2022-10-03
100835,Kelly Jimenez,Limpopo,2021-01-22
100836,Raymond Salazar,Free State,2020-01-27
100837,Derrick Patel,Limpopo,2020-04-30
100838,Benjamin Turner,Limpopo,2023-09-23
100839,Jackie Velasquez,Eastern Cape,2020-08-09
100840,Jennifer Stewart,Western Cape,2022-10-15
100841,Duane Herrera,Mpumalanga,2021-01-13
100842,Audrey Hill,Western Cape,2024-07-13
100843,Andrew Terry,Free State,2020-05-08
100844,Danielle Frost,North West,2023-12-14
100845,Christopher Lara,Northern Cape,2024-09-25
100846,Bonnie Mata,Western Cape,2024-08-08
100847,Benjamin Harrell,Gauteng,2021-05-21
100848,Charles Marquez,Limpopo,2021-07-12
100849,Matthew Baker,Eastern Cape,2024-02-11
100850,Brittany Williams,KwaZulu-Natal,2022-12-21
100851,Dennis Gutierrez,Gauteng,2023-01-21
100852,Beth Ryan,KwaZulu-Natal,2021-06-04
100853,Michaela Garza,Mpumalanga,2023-06-18
100854,Katherine Martinez,North West,2025-11-16
100855,Lisa Mitchell,Free State,2020-05-28
100856,Leonard Cook,Gauteng,2020-01-06
100857,Kelly Blevins,Eastern Cape,2024-12-10
100858,David Bishop,North West,2025-02-22
100859,David Howe,Northern Cape,2021-08-04
100860,Catherine Fleming,Gauteng,2021-12-02
100861,Lisa Gates PhD,Eastern Cape,2024-07-02
100862,Timothy Hoffman,KwaZulu-Natal,2024-02-21
100863,Lorraine Davis,North West,2025-09-11
100864,Kelly Martinez,Northern Cape,2020-03-16
100865,Benjamin Moore,KwaZulu-Natal,2022-09-13
100866,Mr. Drew Cook,Mpumalanga,2021-07-12
100867,Tammy Terry,KwaZulu-Natal,2024-09-28
100868,Brenda Morris,Mpumalanga,2023-01-04
100869,Maria Snow,Gauteng,2023-11-16
100870,Melanie Walker,KwaZulu-Natal,2025-03-13
100871,Jeremy Morrison,Limpopo,2022-01-21
100872,Kevin Pearson,Western Cape,2026-06-18
100873,Julie Martinez,Gauteng,2023-12-23
100874,Kristen Ford,North West,2023-04-04
100875,Nicolas White,North West,2020-04-20
100876,James Clark,Free State,2023-05-29
100877,Tammie Fowler,North West,2025-09-18
100878,David Hodge,Western Cape,2024-03-16
100879,Bradley Mcdonald,KwaZulu-Natal,2020-01-31
100880,Zachary Vasquez,Free State,2025-03-11
100881,Caleb Clark,Free State,2022-03-29
100882,Kimberly Moyer,Northern Cape,2022-02-20
100883,Shannon Peterson,KwaZulu-Natal,2022-05-08
100884,Nicole Leonard,Western Cape,2024-07-14
100885,Nicole Ray,Gauteng,2022-10-20
100886,Charlene Myers,Western Cape,2023-03-14
100887,Cassandra Baker,Western Cape,2020-12-21
100888,Joel Rivera,Northern Cape,2022-02-04
100889,Anne Short,KwaZulu-Natal,2026-06-20
100890,Dwayne Wong,Free State,2022-12-30
100891,Patrick Bullock,North West,2023-01-25
100892,Tyler Montes,Northern Cape,2024-09-20
100893,Amanda Kane,Northern Cape,2020-09-04
100894,Donna Robinson,Mpumalanga,2023-01-22
100895,Howard Morris,Eastern Cape,2021-05-04
100896,Taylor Hartman,Northern Cape,2024-11-12
100897,Samuel Hubbard,Gauteng,2023-12-09
100898,Heather Anderson,Northern Cape,2026-03-10
100899,Mr. Vincent Gonzalez Jr.,Free State,2024-04-12
100900,Cynthia Hale,North West,2021-04-15
100901,Andrew Marshall,Gauteng,2020-04-29
100902,Erin Smith,Free State,2021-07-23
100903,Perry Bowen,Gauteng,2020-03-29
100904,Jennifer Skinner,Gauteng,2025-10-04
100905,Kimberly Riggs,Free State,2020-05-29
100906,Joseph Adams,Eastern Cape,2021-02-22
100907,Julia Allen,Western Cape,2021-08-29
100908,Michael Torres,Northern Cape,2022-11-01
100909,Jacob Hughes,Gauteng,2026-03-01
100910,James Davis,Gauteng,2023-08-26
100911,Corey Johnson,North West,2020-08-31
100912,Robert Walker,Western Cape,2021-11-27
100913,Mr. Travis Barber MD,Free State,2022-01-27
100914,Kyle Mcclain,Eastern Cape,2024-03-17
100915,Melissa Smith,Gauteng,2026-05-04
100916,Crystal Carpenter,Gauteng,2026-05-03
100917,Alexis Perez,Western Cape,2025-12-29
100918,Jordan Campbell,Gauteng,2022-09-14
100919,Christopher Ray,Gauteng,2024-04-07
100920,Roy Fletcher,Gauteng,2021-08-01
100921,Cassandra Rodriguez,Eastern Cape,2024-08-02
100922,Martin Stone,Western Cape,2023-04-05
100923,Ashlee Romero,Free State,2022-06-17
100924,Felicia Freeman,Free State,2024-10-19
100925,Christopher Salas,Northern Cape,2024-05-23
100926,Angela Beck,North West,2024-11-09
100927,Amanda Ingram,Free State,2023-06-13
100928,Rebekah Davis,Limpopo,2024-12-13
100929,Jared Miller,Limpopo,2020-02-18
100930,Garrett Ramirez,Northern Cape,2024-12-18
100931,Kelly Harris,KwaZulu-Natal,2026-05-14
100932,Sandra Hahn,North West,2021-04-16
100933,Daniel Mendez,Eastern Cape,2020-11-21
100934,Rachel Martin,Limpopo,2021-05-21
100935,Larry Powers,KwaZulu-Natal,2024-03-02
100936,Steven Rodriguez,KwaZulu-Natal,2021-01-11
100937,Paul Green,Mpumalanga,2026-02-04
100938,John Mayo,Mpumalanga,2023-06-18
100939,James Smith,Western Cape,2024-05-06
100940,Christian Guerra,Mpumalanga,2025-08-10
100941,Angela Miller,Northern Cape,2022-02-15
100942,Carrie Hardy,Northern Cape,2025-02-11
100943,Michael Rangel,North West,2020-08-15
100944,Paul Jones,Free State,2023-03-26
100945,Jamie Garrison,Northern Cape,2024-01-18
100946,Andre Rasmussen,Eastern Cape,2023-04-30
100947,Jordan Bradford,North West,2021-02-14
100948,Rita Poole,Eastern Cape,2024-05-01
100949,Stacey Oconnor,Free State,2020-06-16
100950,Brenda Flores,Limpopo,2023-01-24
100951,Adam Harper,Eastern Cape,2020-05-01
100952,Andrea Miller,Gauteng,2024-08-16
100953,Debra Smith,Eastern Cape,2022-10-03
100954,Lawrence Rivera,Limpopo,2024-11-25
100955,Jonathan Hardy,Eastern Cape,2020-05-18
100956,Angela Atkins,Western Cape,2023-06-09
100957,Justin Parsons,Limpopo,2022-08-30
100958,Michael Rodriguez,Northern Cape,2025-07-27
100959,Tony Rice,North West,2025-07-20
100960,Robert Bender,Mpumalanga,2025-04-01
100961,Kelsey Stafford,Free State,2021-10-15
100962,Michelle Thomas,Gauteng,2024-08-25
100963,Shane Peterson,Western Cape,2023-12-07
100964,Thomas Moore,Limpopo,2020-12-12
100965,Angela Shaw,Free State,2021-11-15
100966,Patricia Calhoun,Northern Cape,2025-06-08
100967,Ryan Goodman,North West,2024-01-08
100968,Alexander Martinez,Limpopo,2025-06-26
100969,Debra Berger,Mpumalanga,2021-01-29
100970,Connor Harper,Western Cape,2021-04-05
100971,Chad Greer,KwaZulu-Natal,2025-02-09
100972,Jennifer Lozano,Northern Cape,2020-10-26
100973,Angela Fritz,Western Cape,2022-04-01
100974,Gina Henry,KwaZulu-Natal,2020-09-27
100975,Kimberly Martinez,Gauteng,2021-04-17
100976,Frank Mullins,Western Cape,2022-04-20
100977,Edward Myers,Western Cape,2022-02-26
100978,David Norman,North West,2023-04-19
100979,Kim Kennedy,Free State,2026-06-08
100980,Harold Kim,KwaZulu-Natal,2022-08-25
100981,Jonathan Smith,Northern Cape,2024-09-30
100982,Tyler Garrett,Mpumalanga,2026-04-14
100983,Karen Thompson,Mpumalanga,2021-07-26
100984,Jeffrey Tucker,Limpopo,2021-12-28
100985,Gerald Morris,Western Cape,2020-09-18
100986,Alyssa Ferguson,KwaZulu-Natal,2026-05-20
100987,Stanley Moore,Western Cape,2020-10-09
100988,Jessica Patel,North West,2024-06-04
100989,Tina Colon,Northern Cape,2023-02-11
100990,Eric Griffin,Mpumalanga,2022-08-20
100991,Joseph Zhang DDS,North West,2023-06-04
100992,Ashley Huang,Northern Cape,2025-04-14
100993,Renee Walker,Free State,2023-07-13
100994,Robert Martinez,North West,2021-11-22
100995,Amy Jackson,Limpopo,2024-07-18
100996,Corey Boyd,Mpumalanga,2026-06-06
100997,Johnny Moore,Free State,2024-01-31
100998,Catherine Tran,Eastern Cape,2021-11-17
100999,Sean Lopez,North West,2025-10-07
101000,Chloe Armstrong,Free State,2021-07-02
